race_standard,F,M
American Indian/Alaska Native,0.003205128205128205,0.01282051282051282
Asian,0.014553686934023286,0.03630826891543687
Black,0.011365250745844581,0.015303915206575817
Hispanic/Latino,0.006578476939578119,0.013192946847646835
Multiple Races,0.0,0.0
Native Hawaiian/Pacific Islander,0.02097902097902098,0.08450704225352113
Other/Unknown/Not Reported,0.024324005195418587,0.038531203688457104
White,0.023234200743494422,0.03227600620238657
