group,AUC,n,events
F,0.8502140470746404,136433,2467
M,0.8116404442700049,96462,2706
