group,AUC,overall_auc,AUC_gap,n,flag
F,0.8502140470746404,0.8353287789034226,-0.014885268171217825,136433,False
M,0.8116404442700049,0.8353287789034226,0.023688334633417685,96462,False
