overall_auc,overall_lo95,overall_hi95
0.8353287789034226,0.8307309738308857,0.8401444475959096
