group,n,share
F,136433,0.5858133493634471
M,96462,0.41418665063655297
