gender,n,deaths,prevalence,death_share,expected_deaths,standardized_ratio
F,136433,2467,0.01808213555371501,0.4768992847477286,3030.4124562571114,0.8140806030895916
M,96462,2706,0.02805249735647198,0.5231007152522714,2142.5875437428886,1.262958896546596
